{"cameraMode":{"drawMode":0,"name":"Shaded","section":"Shading Mode"},"sceneLighting":true,"audioPlay":false,"sceneViewState":{"m_AlwaysRefresh":false,"showFog":true,"showSkybox":true,"showFlares":true,"showImageEffects":true,"showParticleSystems":true,"showVisualEffectGraphs":true,"m_FxEnabled":true},"in2DMode":false,"pivot":{"x":15.96231460571289,"y":-3.5243263244628908,"z":-6.994219779968262},"rotation":{"x":0.006917724385857582,"y":0.826798141002655,"z":-0.5623835325241089,"w":0.010171079076826573},"size":22.561811447143556,"orthographic":false}